{"Subfinder": [30.327464818954468, 30.341641426086426, 30.2769193649292, 2.8268887996673584, 0.001007080078125], "DNSX": [0.3239898681640625, 12.467557191848755, 0.3218419551849365, 0.3716447353363037, 0.0010898113250732422], "Uncover": [0.4233887195587158, 0.4221198558807373, 0.41922688484191895, 0.4249086380004883, 0.0016074180603027344], "HTTPX": [0.5689191818237305, 0.568737268447876, 0.4709792137145996, 0.4724757671356201, 0.0020546913146972656], "Katana": [15.53285527229309, 60.309967041015625, 82.32446432113647], "JS Hunter": [0.009689807891845703, 0.0014162063598632812, 0.003930807113647461], "Nuclei": [14.842605113983154, 12.363737344741821, 12.622029542922974]}