{"Subfinder": [11.35438060760498, 1.525144100189209, 30.379225492477417, 30.62934422492981, 12.217219114303589], "DNSX": [6.1388373374938965, 8.19932746887207, 6.093845844268799, 5.9948344230651855, 7.343335866928101], "Uncover": [0.4683091640472412, 0.6192076206207275, 0.4183969497680664, 0.8211133480072021, 0.46761655807495117], "HTTPX": [21.659230947494507, 21.86141014099121, 21.60875701904297, 21.910702228546143, 21.709669589996338], "Katana": [101.26449632644653, 120.04623627662659, 96.65942573547363, 93.56753826141357, 163.3470597267151], "JS Hunter": [0.012558460235595703, 0.012865066528320312, 0.015511751174926758, 94.63223028182983, 123.83670783042908], "Nuclei": [0.9697787761688232, 300.0939176082611, 300.14589262008667, 300.0886871814728, 600.0965523719788]}