{"Subfinder": [30.62934422492981, 12.217219114303589, 1.4232745170593262, 30.384368658065796, 3.8837027549743652], "DNSX": [5.9948344230651855, 7.343335866928101, 4.683708906173706, 5.235409736633301, 4.4826340675354], "Uncover": [0.46761655807495117, 0.5688872337341309, 0.41721558570861816, 0.4173309803009033, 0.41938281059265137], "HTTPX": [21.910702228546143, 21.709669589996338, 21.81291890144348, 21.35739254951477, 21.55793333053589], "Katana": [96.65942573547363, 93.56753826141357, 163.3470597267151, 169.5030219554901, 103.55197882652283], "JS Hunter": [123.83670783042908, 102.0894181728363, 123.73915934562683, 92.4970269203186, 96.17822122573853], "Nuclei": [0.9697787761688232, 300.0939176082611, 300.14589262008667, 300.0886871814728, 600.0965523719788]}