{"Subfinder": [10.618897914886475, 10.616336822509766], "DNSX": [0.11645841598510742, 0.1695551872253418, 0.11660432815551758]}