{"Subfinder": [30.379225492477417, 30.62934422492981, 12.217219114303589, 1.4232745170593262, 30.384368658065796], "DNSX": [6.093845844268799, 5.9948344230651855, 7.343335866928101, 4.683708906173706, 5.235409736633301], "Uncover": [0.4183969497680664, 0.8211133480072021, 0.46761655807495117, 0.5688872337341309, 0.41721558570861816], "HTTPX": [21.60875701904297, 21.910702228546143, 21.709669589996338, 21.81291890144348, 21.35739254951477], "Katana": [120.04623627662659, 96.65942573547363, 93.56753826141357, 163.3470597267151, 169.5030219554901], "JS Hunter": [0.015511751174926758, 94.63223028182983, 123.83670783042908, 102.0894181728363, 123.73915934562683], "Nuclei": [0.9697787761688232, 300.0939176082611, 300.14589262008667, 300.0886871814728, 600.0965523719788]}