{"Subfinder": [30.35093355178833, 30.365864038467407], "DNSX": [0.31970834732055664, 0.4238264560699463], "Uncover": [0.4209263324737549, 0.42212605476379395], "HTTPX": [0.4700450897216797, 0.5215325355529785, 0.5693440437316895, 1.9251408576965332, 1.4160504341125488], "Katana": [17.305259227752686, 18.524664878845215, 35.97537446022034], "JS Hunter": [1.3015649318695068, 1.4602839946746826, 31.920284509658813, 31.02960991859436, 29.843881130218506], "Nuclei": [2.834610939025879, 4.091384172439575, 3.286972761154175], "Naabu": [2.788571834564209], "URLFinder": [13.022849559783936, 10.836713075637817, 30.242048740386963]}