{"Subfinder": [1.4232745170593262, 30.384368658065796, 3.8837027549743652, 30.48335862159729, 30.342174768447876], "DNSX": [4.683708906173706, 5.235409736633301, 4.4826340675354, 0.5728518962860107, 2.0740787982940674], "Uncover": [0.41721558570861816, 0.4173309803009033, 0.41938281059265137, 0.6327729225158691, 0.41893458366394043], "HTTPX": [21.709669589996338, 21.81291890144348, 21.35739254951477, 21.55793333053589, 0.9319479465484619], "Katana": [93.56753826141357, 163.3470597267151, 169.5030219554901, 103.55197882652283, 15.551129817962646], "JS Hunter": [102.0894181728363, 123.73915934562683, 92.4970269203186, 96.17822122573853, 0.009783506393432617], "Nuclei": [300.0939176082611, 300.14589262008667, 300.0886871814728, 600.0965523719788, 60.33359479904175]}