{"Subfinder": [30.35093355178833, 30.365864038467407], "DNSX": [0.31970834732055664, 0.4238264560699463], "Uncover": [0.4209263324737549, 0.42212605476379395], "HTTPX": [0.5693440437316895, 1.9251408576965332, 1.4160504341125488, 2.5312159061431885, 1.9343457221984863], "Katana": [17.305259227752686, 18.524664878845215, 35.97537446022034, 36.46039366722107, 36.41416645050049], "JS Hunter": [33.627848625183105, 29.415086030960083, 30.66279649734497, 34.8365581035614, 30.84897232055664], "Nuclei": [264.64152812957764, 113.69831442832947, 637.6026699542999, 112.75236010551453, 632.5967574119568], "Naabu": [2.788571834564209, 2.7304794788360596, 2.713484287261963], "URLFinder": [12.40976619720459, 11.76067328453064, 2.1755685806274414, 30.37882351875305, 1.2219536304473877]}