{"Subfinder": [30.381564140319824, 30.37496781349182, 30.782484531402588, 30.542274951934814, 30.323028087615967], "DNSX": [3.379013776779175, 9.407120704650879, 17.661584854125977, 0.6211240291595459, 14.419157266616821], "Uncover": [0.41793251037597656, 0.4700312614440918, 0.5697367191314697, 0.6707415580749512, 0.41814303398132324], "HTTPX": [20.50682258605957, 20.51274561882019, 22.91853666305542, 0.9218640327453613, 20.555840253829956], "Katana": [31.306600093841553, 21.308411359786987, 47.40346384048462, 287.5616571903229, 77.64707493782043], "JS Hunter": [7.41745400428772, 0.0017383098602294922, 35.2196991443634, 4.214833498001099, 17.022235870361328], "Nuclei": [60.33359479904175, 686.7267289161682, 581.7048647403717, 1318.8311014175415, 3600.130517721176]}